{"cameraMode":{"drawMode":0,"name":"Shaded","section":"Shading Mode"},"sceneLighting":false,"audioPlay":false,"sceneViewState":{"m_AlwaysRefresh":false,"showFog":true,"showSkybox":false,"showFlares":true,"showImageEffects":true,"showParticleSystems":true,"showVisualEffectGraphs":true,"m_FxEnabled":true},"in2DMode":false,"pivot":{"x":-5.574014663696289,"y":0.18299999833106996,"z":4.702395915985107},"rotation":{"x":-0.17815330624580384,"y":-0.2939853072166443,"z":0.05587131902575493,"w":-0.9373979568481445},"size":0.17320497334003449,"orthographic":false}