{"cameraMode":{"drawMode":0,"name":"Shaded","section":"Shading Mode"},"sceneLighting":false,"audioPlay":false,"sceneViewState":{"m_AlwaysRefresh":false,"showFog":true,"showSkybox":false,"showFlares":true,"showImageEffects":true,"showParticleSystems":true,"showVisualEffectGraphs":true,"m_FxEnabled":true},"in2DMode":false,"pivot":{"x":-0.055632323026657107,"y":0.5715237855911255,"z":0.06538069248199463},"rotation":{"x":0.02765819802880287,"y":0.9705436825752258,"z":-0.13658244907855988,"w":0.19653919339179994},"size":0.7050694823265076,"orthographic":false}