{"cameraMode":{"drawMode":0,"name":"Shaded","section":"Shading Mode"},"sceneLighting":false,"audioPlay":false,"sceneViewState":{"m_AlwaysRefresh":false,"showFog":true,"showSkybox":false,"showFlares":true,"showImageEffects":true,"showParticleSystems":true,"showVisualEffectGraphs":true,"m_FxEnabled":true},"in2DMode":false,"pivot":{"x":-4.510465621948242,"y":1.882293462753296,"z":3.8163013458251955},"rotation":{"x":-0.050408609211444858,"y":-0.18410179018974305,"z":0.009454389102756977,"w":-0.9815701842308044},"size":1.4778693914413453,"orthographic":false}